{
  "properties": {
    "connectionReferences": {
      "shared_sharepointonline": {
        "runtimeSource": "invoker",
        "connection": {
          "connectionReferenceLogicalName": "ntt_sharedsharepointonline_a77d3"
        },
        "api": {
          "name": "shared_sharepointonline"
        }
      },
      "shared_webcontents": {
        "runtimeSource": "invoker",
        "connection": {
          "connectionReferenceLogicalName": "new_sharedwebcontents_66382"
        },
        "api": {
          "name": "shared_webcontents"
        }
      }
    },
    "definition": {
      "$schema": "https://schema.management.azure.com/providers/Microsoft.Logic/schemas/2016-06-01/workflowdefinition.json#",
      "contentVersion": "1.0.0.0",
      "parameters": {
        "$connections": {
          "defaultValue": {},
          "type": "Object"
        },
        "$authentication": {
          "defaultValue": {},
          "type": "SecureObject"
        }
      },
      "triggers": {
        "manual": {
          "metadata": {
            "operationMetadataId": "96e48395-7bd7-4052-913f-6fd5cb53bf1f"
          },
          "type": "Request",
          "kind": "PowerAppV2",
          "inputs": {
            "schema": {
              "type": "object",
              "properties": {
                "text": {
                  "title": "File Name with extension",
                  "type": "string",
                  "x-ms-dynamically-added": true,
                  "description": "Please enter your input",
                  "x-ms-content-hint": "TEXT"
                },
                "boolean": {
                  "title": "Yes/No",
                  "type": "boolean",
                  "x-ms-dynamically-added": true,
                  "description": "Please select yes or no",
                  "x-ms-content-hint": "BOOLEAN"
                }
              },
              "required": [
                "text",
                "boolean"
              ]
            }
          }
        }
      },
      "actions": {
        "Condition": {
          "actions": {
            "Invoke_an_HTTP_request": {
              "runAfter": {},
              "metadata": {
                "operationMetadataId": "388aed25-3cd0-4c7a-bc5d-854dd676bede"
              },
              "type": "OpenApiConnection",
              "inputs": {
                "host": {
                  "connectionName": "shared_webcontents",
                  "operationId": "InvokeHttp",
                  "apiId": "/providers/Microsoft.PowerApps/apis/shared_webcontents"
                },
                "parameters": {
                  "request/method": "POST",
                  "request/url": "https://graph.microsoft.com/beta/sites/zkqm3.sharepoint.com,6ea82924-7253-4052-b184-01c9c79f2ab3,e9c1765e-29b3-44aa-8575-e2e2c19a6665/drives/b!JCmoblNyUkCxhAHJx58qs152wemzKapEhXXi4sGaZmWA8dZVzHfZS7JOF630TVRe/root:/@{triggerBody()['text']}:/preview",
                  "request/body": "{\n    \"allowEdit\": true,\n    \"viewer\": \"office\"\n}"
                },
                "authentication": "@parameters('$authentication')"
              }
            },
            "Compose": {
              "runAfter": {
                "Invoke_an_HTTP_request": [
                  "Succeeded"
                ]
              },
              "metadata": {
                "operationMetadataId": "823f33f3-e050-4e3c-9e6a-26bd2fbd39b9"
              },
              "type": "Compose",
              "inputs": "@body('Invoke_an_HTTP_request')?['getUrl']"
            },
            "Respond_to_a_PowerApp_or_flow": {
              "runAfter": {
                "Compose": [
                  "Succeeded"
                ]
              },
              "metadata": {
                "operationMetadataId": "884b4a30-0038-4260-9580-400e586cfd9b"
              },
              "type": "Response",
              "kind": "PowerApp",
              "inputs": {
                "statusCode": 200,
                "body": {
                  "previewurl": "@{outputs('Compose')}"
                },
                "schema": {
                  "type": "object",
                  "properties": {
                    "previewurl": {
                      "title": "previewURL",
                      "x-ms-dynamically-added": true,
                      "type": "string"
                    }
                  }
                }
              }
            }
          },
          "runAfter": {},
          "else": {
            "actions": {
              "Send_an_HTTP_request_to_SharePoint": {
                "runAfter": {},
                "metadata": {
                  "operationMetadataId": "acc744ba-4e06-49a9-b268-2581898d5f24"
                },
                "type": "OpenApiConnection",
                "inputs": {
                  "host": {
                    "connectionName": "shared_sharepointonline",
                    "operationId": "HttpRequest",
                    "apiId": "/providers/Microsoft.PowerApps/apis/shared_sharepointonline"
                  },
                  "parameters": {
                    "dataset": "https://zkqm3.sharepoint.com/sites/PowerPlatformDevelopment",
                    "parameters/method": "POST",
                    "parameters/uri": "https://zkqm3.sharepoint.com/_api/v2.0/sites('zkqm3.sharepoint.com,6ea82924-7253-4052-b184-01c9c79f2ab3,e9c1765e-29b3-44aa-8575-e2e2c19a6665')/drives/b!JCmoblNyUkCxhAHJx58qs152wemzKapEhXXi4sGaZmWA8dZVzHfZS7JOF630TVRe/root:/@{triggerBody()['text']}:/oneDrive.preview",
                    "parameters/headers": {
                      "Content-Type": "application/json",
                      "Accept": "application/json"
                    }
                  },
                  "authentication": "@parameters('$authentication')"
                }
              },
              "Compose_2": {
                "runAfter": {
                  "Send_an_HTTP_request_to_SharePoint": [
                    "Succeeded"
                  ]
                },
                "metadata": {
                  "operationMetadataId": "d11b03d4-5ddc-4d7e-a03c-c2383da3eb5b"
                },
                "type": "Compose",
                "inputs": "@body('Send_an_HTTP_request_to_SharePoint')?['getUrl']"
              },
              "Respond_to_a_PowerApp_or_flow_2": {
                "runAfter": {
                  "Compose_2": [
                    "Succeeded"
                  ]
                },
                "metadata": {
                  "operationMetadataId": "cd9cfef5-48f8-4694-99d3-0ba06ac475a8"
                },
                "type": "Response",
                "kind": "PowerApp",
                "inputs": {
                  "statusCode": 200,
                  "body": {
                    "previewurl": "@{outputs('Compose_2')}"
                  },
                  "schema": {
                    "type": "object",
                    "properties": {
                      "previewurl": {
                        "title": "previewURL",
                        "x-ms-dynamically-added": true,
                        "type": "string"
                      }
                    }
                  }
                }
              }
            }
          },
          "expression": {
            "equals": [
              "@triggerBody()['boolean']",
              "@true"
            ]
          },
          "metadata": {
            "operationMetadataId": "a07c13f4-a29d-4d8d-9da5-3761da0d4f7a"
          },
          "type": "If"
        }
      }
    },
    "templateName": ""
  },
  "schemaVersion": "1.0.0.0"
}