<ImportExportXml xmlns:xsi="http://www.w3.org/2001/XMLSchema-instance">
  <Entities></Entities>
  <Roles></Roles>
  <Workflows>
    <Workflow WorkflowId="{162f5dcd-8f20-ee11-9cbc-000d3aa9a3cc}" Name="Get file preview from Sharepoint">
      <JsonFileName>/Workflows/GetfilepreviewfromSharepoint-162F5DCD-8F20-EE11-9CBC-000D3AA9A3CC.json</JsonFileName>
      <Type>1</Type>
      <Subprocess>0</Subprocess>
      <Category>5</Category>
      <Mode>0</Mode>
      <Scope>4</Scope>
      <OnDemand>0</OnDemand>
      <TriggerOnCreate>0</TriggerOnCreate>
      <TriggerOnDelete>0</TriggerOnDelete>
      <AsyncAutodelete>0</AsyncAutodelete>
      <SyncWorkflowLogOnFailure>0</SyncWorkflowLogOnFailure>
      <StateCode>1</StateCode>
      <StatusCode>2</StatusCode>
      <RunAs>1</RunAs>
      <IsTransacted>1</IsTransacted>
      <IntroducedVersion>1.0.0.0</IntroducedVersion>
      <IsCustomizable>1</IsCustomizable>
      <BusinessProcessType>0</BusinessProcessType>
      <IsCustomProcessingStepAllowedForOtherPublishers>1</IsCustomProcessingStepAllowedForOtherPublishers>
      <PrimaryEntity>none</PrimaryEntity>
      <LocalizedNames>
        <LocalizedName languagecode="1033" description="Get file preview from Sharepoint" />
      </LocalizedNames>
    </Workflow>
  </Workflows>
  <FieldSecurityProfiles></FieldSecurityProfiles>
  <Templates />
  <EntityMaps />
  <EntityRelationships />
  <OrganizationSettings />
  <optionsets />
  <CustomControls />
  <EntityDataProviders />
  <CanvasApps>
    <CanvasApp>
      <Name>ntt_officedocumentpreviewapp_2594b</Name>
      <AppVersion>2023-07-12T15:50:38Z</AppVersion>
      <Status>Ready</Status>
      <CreatedByClientVersion>3.23064.16.0</CreatedByClientVersion>
      <MinClientVersion>3.23064.16.0</MinClientVersion>
      <Tags>{"primaryDeviceWidth":"1366","primaryDeviceHeight":"768","supportsPortrait":"true","supportsLandscape":"true","primaryFormFactor":"Tablet","publisherVersion":"3.23064.16","minimumRequiredApiVersion":"2.2.0","hasComponent":"false","hasUnlockedComponent":"false","isUnifiedRootApp":"false","sienaVersion":"20230712T154806Z-3.23064.16.0"}</Tags>
      <IsCdsUpgraded>0</IsCdsUpgraded>
      <GalleryItemId xsi:nil="true"></GalleryItemId>
      <BackgroundColor>rgba(255, 255, 255, 1)</BackgroundColor>
      <DisplayName>Office Document Preview App</DisplayName>
      <Description>This application preview the documentation from Sharepoint Sites. You can directly edit the Excel and Word documentations within the application</Description>
      <CommitMessage xsi:nil="true"></CommitMessage>
      <Publisher xsi:nil="true"></Publisher>
      <AuthorizationReferences>[]</AuthorizationReferences>
      <ConnectionReferences>{"dd54ebc1-5620-40ee-958b-576e5683094d":{"id":"/providers/microsoft.powerapps/apis/shared_sharepointonline","displayName":"SharePoint","iconUri":"https://connectoricons-prod.azureedge.net/u/shgogna/globalperconnector-train1/1.0.1639.3312/sharepointonline/icon.png","dataSources":["Documents"],"dependencies":[],"dependents":[],"parameterHints":{},"parameterHintsV2":{},"isOnPremiseConnection":false,"bypassConsent":false,"dataSets":{"https://zkqm3.sharepoint.com/sites/PowerPlatformDevelopment":{"dataSources":{"Documents":{"tableName":"55d6f180-77cc-4bd9-b24e-17adf44d545e"}}}},"apiTier":"Standard","actions":["providers/PowerPlatform.Governance/Operations/Read"]},"16deb85b-310e-41df-9d06-bbbc09e8d9c7":{"id":"/providers/microsoft.powerapps/apis/shared_logicflows","displayName":"Logic flows","iconUri":"https://connectoricons-prod.azureedge.net/releases/v1.0.1636/1.0.1636.3297/logicflows/icon.png","dataSources":["GetfilepreviewfromSharepoint"],"dependencies":["dd544627-c71e-46ec-8ecd-4c40fed97ca4","428ad69b-b3dd-4a10-aca5-e6230667bcff"],"dependents":[],"parameterHints":{"workflowName":{"value":"c9900eb1-7081-4b80-bc77-00fcfb73f6ef"},"workflowEntityId":{"value":"162f5dcd-8f20-ee11-9cbc-000d3aa9a3cc"},"dd544627-c71e-46ec-8ecd-4c40fed97ca4":{"value":"shared_sharepointonline"},"428ad69b-b3dd-4a10-aca5-e6230667bcff":{"value":"shared_webcontents"}},"parameterHintsV2":{"workflowName":{"value":"c9900eb1-7081-4b80-bc77-00fcfb73f6ef"},"workflowEntityId":{"value":"162f5dcd-8f20-ee11-9cbc-000d3aa9a3cc"},"shared_sharepointonline":{"value":"dd544627-c71e-46ec-8ecd-4c40fed97ca4"},"shared_webcontents":{"value":"428ad69b-b3dd-4a10-aca5-e6230667bcff"}},"isOnPremiseConnection":false,"bypassConsent":false,"dataSets":{},"apiTier":"Standard","actions":["Run"]},"dd544627-c71e-46ec-8ecd-4c40fed97ca4":{"id":"/providers/microsoft.powerapps/apis/shared_sharepointonline","displayName":"SharePoint","iconUri":"https://connectoricons-prod.azureedge.net/u/shgogna/globalperconnector-train1/1.0.1639.3312/sharepointonline/icon.png","dataSources":[],"dependencies":[],"dependents":["16deb85b-310e-41df-9d06-bbbc09e8d9c7"],"parameterHints":{},"parameterHintsV2":{},"isOnPremiseConnection":false,"bypassConsent":false,"dataSets":{},"apiTier":"Standard","actions":["providers/PowerPlatform.Governance/Operations/Read"]},"428ad69b-b3dd-4a10-aca5-e6230667bcff":{"id":"/providers/microsoft.powerapps/apis/shared_webcontents","displayName":"HTTP with Azure AD","iconUri":"https://connectoricons-prod.azureedge.net/u/shgogna/globalperconnector-train1/1.0.1639.3312/webcontents/icon.png","dataSources":[],"dependencies":[],"dependents":["16deb85b-310e-41df-9d06-bbbc09e8d9c7"],"parameterHints":{},"parameterHintsV2":{},"isOnPremiseConnection":false,"bypassConsent":false,"dataSets":{},"apiTier":"Premium","endpoints":["https://graph.microsoft.com"]}}</ConnectionReferences>
      <DatabaseReferences>{"default.cds":{"databaseDetails":{"referenceType":"Environmental","environmentName":"default.cds","overrideValues":{"status":"NotSpecified"}},"dataSources":{},"components":[{"componentName":"CustomControl","identifier":"ya_btd.IframePCF","identifierType":"LogicalName","capabilities":{"pcfExternalServiceUsageAllowed":false}}]}}</DatabaseReferences>
      <AppComponents>[]</AppComponents>
      <AppComponentDependencies>[]</AppComponentDependencies>
      <CanConsumeAppPass>1</CanConsumeAppPass>
      <CanvasAppType>0</CanvasAppType>
      <BypassConsent>0</BypassConsent>
      <AdminControlBypassConsent>0</AdminControlBypassConsent>
      <EmbeddedApp xsi:nil="true"></EmbeddedApp>
      <IntroducedVersion>1.0</IntroducedVersion>
      <CdsDependencies>{"cdsdependencies":[{"dependencyid":"162f5dcd-8f20-ee11-9cbc-000d3aa9a3cc","componenttype":29,"componenttypeplatformname":"Workflow"},{"dependencyid":"","logicalname":"ya_btd.IframePCF","componenttype":66,"componenttypeplatformname":"CustomControl"}]}</CdsDependencies>
      <IsCustomizable>1</IsCustomizable>
      <BackgroundImageUri>/CanvasApps/ntt_officedocumentpreviewapp_2594b_BackgroundImageUri</BackgroundImageUri>
      <DocumentUri>/CanvasApps/ntt_officedocumentpreviewapp_2594b_DocumentUri.msapp</DocumentUri>
    </CanvasApp>
  </CanvasApps>
  <connectionreferences>
    <connectionreference connectionreferencelogicalname="ntt_sharedsharepointonline_a77d3">
      <connectionreferencedisplayname>SharePoint officedocumentspreviewapp-a77d3</connectionreferencedisplayname>
      <connectorid>/providers/Microsoft.PowerApps/apis/shared_sharepointonline</connectorid>
      <iscustomizable>1</iscustomizable>
      <statecode>0</statecode>
      <statuscode>1</statuscode>
    </connectionreference>
  </connectionreferences>
  <Languages>
    <Language>1033</Language>
  </Languages>
</ImportExportXml>